{
   "brain":[
      {
         "triggers":[
            "what are orcas",
            "killer whales",
            "general information",
            "orcas",
            "about",
            "what is it",
            "what are they"
         ],
         "responses":[
            "Orcas and killer whales are the same animal",
            "Orcas are the largest member of the oceanic dolphin family",
            "Orcas' scientific name is Orcinus Orca"
         ]
      },
      {
         "triggers":[
            "food",
            "eat",
            "eating habits",
            "food chain",
            "apex predator",
            "hunt",
            "eat"
         ],
         "responses":[
            "Orcas are the apex predators of the entire ocean",
            "Natural prey of orcas include: seals, fish, whales, moose, squid, sharks, etc.",
            "Orcas use advanced hunting techniques such as creating waves to hunt prey"
         ]
      },
      {
         "triggers":[
            "behavior",
            "how do they act",
            "behave",
            "what do they do",
            "social",
            "communication"
         ],
         "responses":[
            "Orcas are extremely social animals",
            "Orcas are matriarchal, meaning that females/mothers are at the top of the hierarchy",
            "Orcas stay with their family for life"
         ]
      }
   ],
   "catchall":[
      "I'm not too sure about that—ask me something else please!",
      "I don't know... but try asking me about orca behavior instead",
      "I'm not too sure how to answer that... but I do know more about orca eating habits!"
   ]
}